,incode1,count,count_perc,ALC_perc,,
1,3GY10VA,520563,35.31,8.99,,
2,NA,276093,18.73,9.28,,
3,3OT20WC,51733,3.51,5.88,,
4,3OT10VA,51567,3.5,7.51,,
5,3AN20WA,50820,3.45,20.99,,
6,3ER20WA,49731,3.37,21.85,,
7,3AN20VA,44273,3,18.38,,
8,3VA10VA,44030,2.99,31.25,,HIP Xray
9,3ER20VA,37546,2.55,20.2,,
10,2HZ24JAXJ,25325,1.72,7.81,,
11,3OT30DA,25080,1.7,5.48,,
12,3OT20WA,16781,1.14,8.07,,
13,1LZ35HHC7,16155,1.1,15.08,,
14,1GZ35CAR3,13931,0.94,7.1,,
15,3OT20VA,13741,0.93,8.4,,
16,1GZ31CBND,13595,0.92,8.5,,
17,1GZ31CAND,12297,0.83,9.82,,
18,1PM52CATS,11054,0.75,15.61,,
19,3SC10VA,10465,0.71,25.37,,Spinal Xray
20,3JY20WC,9677,0.66,5.61,,
21,3VG10VA,7161,0.49,25.72,,
22,3SQ10VA,5603,0.38,30.97,,pelvis Xray
23,2ZZ13RA,5393,0.37,9.2,,
24,1ZZ35HA1C,4768,0.32,11.83,,
25,3GY20WC,4433,0.3,7.31,,
26,3WA10VA,4378,0.3,25.88,,
27,1NF52CAQN,4338,0.29,6.34,,
28,3VC10VA,4270,0.29,31.78,,
29,3KR30DC,4201,0.28,15.52,,
30,3TA10VA,3614,0.25,31.07,,
31,3WG10VA,3448,0.23,18.24,,
32,1HZ09JAJF,2751,0.19,4.25,,
33,3ZZ20WC,2737,0.19,9.68,,
34,1ZZ35HAC1,2717,0.18,6.33,,
35,1GZ32CAMY,2592,0.18,13,,
36,3SC20WA,2488,0.17,25.92,,
37,3VQ10VA,2385,0.16,26.71,,
38,3JX20WC,2380,0.16,14.58,,
39,1ZZ35HAK4,2248,0.15,8.41,,
40,3SC20VA,2210,0.15,24.39,,
41,1IS53GRLF,2129,0.14,11.27,,
42,2NQ70CA,1997,0.14,6.51,,
43,3GY20WA,1997,0.14,8.71,,
44,1YA80LA,1902,0.13,21.08,,
45,3ER20WC,1846,0.13,14.68,,
46,3VZ20VA,1781,0.12,33.41,,
47,1GV52HAHE,1747,0.12,7.33,,
48,1NF53CATS,1679,0.11,6.55,,
49,3VZ20WA,1668,0.11,32.07,,
50,3OT20WE,1623,0.11,5.55,,
51,1WA73JA,1617,0.11,28.01,,
52,1HZ30JN,1592,0.11,4.96,,
53,3GY20VA,1565,0.11,9.07,,
54,2PM58VD,1540,0.1,13.51,,
55,3AN20WC,1533,0.1,12.39,,
56,3TK10VA,1421,0.1,32.44,,
57,3TM10VA,1410,0.1,18.65,,
58,3UB10VA,1342,0.09,21.09,,
59,3GT10VA,1273,0.09,6.6,,
60,3KE20WC,1199,0.08,9.34,,
61,3GT20WC,1191,0.08,6.47,,
62,2ZZ13RE,1145,0.08,10.13,,
63,3GY30DA,1125,0.08,6.04,,
64,1GZ31CAEP,1095,0.07,8.49,,
65,1HZ09JAFS,1085,0.07,4.42,,
66,1YB80LA,1063,0.07,18.25,,
67,3ER20WE,1040,0.07,17.12,,
68,3SL10VA,1010,0.07,21.58,,
69,3AN20WE,995,0.07,15.68,,
70,1ZZ35HAP2,922,0.06,8.57,,
71,1VA73JA,920,0.06,22.93,,
72,1VG52HA,840,0.06,15.83,,
73,1GV52HA,765,0.05,9.15,,
74,1OT52HA,765,0.05,9.67,,
75,1KX53HAFT,757,0.05,5.68,,
76,3KR30DD,755,0.05,12.32,,
77,3SC40WA,732,0.05,28.96,,
78,1NP73JH,731,0.05,4.51,,
79,3FY20WC,702,0.05,4.27,,
80,1TA73JA,701,0.05,25.82,,
81,3ID20WC,690,0.05,7.97,,
82,3SC40VA,688,0.05,26.16,,
83,2AX13HA,684,0.05,12.28,,
84,1ET13CANP,674,0.05,2.37,,
85,3EQ10VA,661,0.04,4.39,,
86,1TV73JA,655,0.04,27.33,,
87,1UB73JA,650,0.04,32.46,,
88,3KR30DA,635,0.04,14.65,,
89,3PC30DA,630,0.04,6.98,,
90,3IP30DA,622,0.04,5.95,,
91,2HZ24JAKE,615,0.04,6.34,,
92,3UZ10VA,608,0.04,18.91,,
93,3JE20WC,588,0.04,11.73,,
94,1YF80LA,579,0.04,17.62,,
95,1ZZ35HAK9,572,0.04,9.09,,
96,3PC20WA,567,0.04,5.29,,
97,1ZZ35HAL1,558,0.04,11.65,,
98,1GJ50CANG,540,0.04,10.93,,
99,1KV53HACH,522,0.04,6.7,,
100,3PS10VA,521,0.04,6.53,,
101,3GT20WA,515,0.03,6.6,,
102,3KG20WC,475,0.03,12.84,,
103,3KG30DC,475,0.03,10.74,,
104,3ZZ20VA,457,0.03,13.13,,
105,1GV52HATK,455,0.03,6.59,,
106,3JX20WE,453,0.03,14.79,,
107,1ZZ35HAA4,449,0.03,5.57,,
108,1ZZ35HAE7,448,0.03,4.91,,
109,1VQ73JA,444,0.03,33.56,,
110,3PZ20WA,442,0.03,4.75,,
111,3VZ30DA,436,0.03,12.61,,
112,3QG30DA,430,0.03,4.19,,
113,3PZ20VA,429,0.03,5.59,,
114,1VC73JA,428,0.03,33.18,,
115,1NF52CATL,420,0.03,6.19,,
116,3TV10VA,409,0.03,17.11,,
117,3ZZ20WA,409,0.03,9.78,,
118,3UL10VA,405,0.03,12.84,,
119,1GZ31CBEP,402,0.03,7.96,,
120,1HZ37JANN,365,0.02,4.66,,
121,1PZ21HQBR,362,0.02,7.18,,
122,1ZZ35CAR3,358,0.02,4.19,,
123,1GZ32CAMV,349,0.02,7.16,,
124,3PM30DA,344,0.02,4.65,,
125,1LZ35HHZ9,339,0.02,3.83,,
126,3PC20VA,338,0.02,4.73,,
127,1PM54CATS,328,0.02,4.57,,
128,1ZZ35HAK3,324,0.02,7.41,,
129,6AA02ZZ,311,0.02,35.05,,
130,3JY20WE,308,0.02,6.17,,
131,1PM35CAD2,301,0.02,1.99,,
132,1YT80LA,300,0.02,24,,
133,2NK70BABL,279,0.02,7.17,,
134,2VG71HA,265,0.02,12.08,,
135,3GT70KE,252,0.02,7.14,,
136,1YV80LA,248,0.02,22.18,,
137,3SC40WC,246,0.02,24.39,,
138,3SF10VA,245,0.02,25.31,,
139,1TK73JA,242,0.02,28.1,,
140,3SC20WC,239,0.02,24.69,,
141,1NQ35CAZ9,229,0.02,11.79,,
142,1ZZ35HAB3,228,0.02,12.72,,
143,3AN40WA,228,0.02,18.42,,
144,3JE30DC,227,0.02,13.66,,
145,1PM35CAZ9,223,0.02,2.69,,
146,3AN40VA,215,0.01,13.95,,
147,1OT52HATS,214,0.01,10.28,,
148,3JU30DC,211,0.01,13.27,,
149,1PM52BATS,210,0.01,10.48,,
150,2PM58VE,207,0.01,10.63,,
151,2ZZ13RK,205,0.01,9.27,,
152,1HZ53GRNN,204,0.01,6.86,,
153,2GE70BA,203,0.01,2.46,,
154,2ZZ02ZZ,198,0.01,20.2,,
155,3VZ20WC,196,0.01,19.9,,
156,3WZ20VA,195,0.01,40.51,,
157,3OT30DC,194,0.01,8.76,,
158,3KT20WC,193,0.01,15.54,,
159,3SM10VA,193,0.01,25.91,,
160,6AA02CP,193,0.01,26.94,,
161,3GT20VA,192,0.01,5.73,,
162,3ZZ20WE,183,0.01,6.56,,
163,3GY20WE,182,0.01,5.49,,
164,3TZ20WA,182,0.01,19.23,,
165,1NQ35CAA6,181,0.01,15.47,,
166,1YU80LA,179,0.01,18.99,,
167,3AN40WC,178,0.01,14.61,,
168,3ID20VA,177,0.01,10.17,,
169,3OT30DD,175,0.01,4,,
170,1ZZ35HAK7,173,0.01,6.36,,
171,3FY20WA,168,0.01,10.71,,
172,3FY20VA,165,0.01,6.06,,
173,3EA20WA,164,0.01,20.73,,
174,3EI10VA,162,0.01,14.81,,
175,3TZ20VA,160,0.01,18.75,,
176,2HZ23JAXJ,157,0.01,2.55,,
177,3ID20WA,154,0.01,3.9,,
178,1GJ52CATJ,153,0.01,9.15,,
179,3ID30DA,153,0.01,8.5,,
180,1ET13CABC,144,0.01,2.78,,
181,1GZ32CAMU,144,0.01,4.17,,
182,1LZ35HAC7,144,0.01,12.5,,
183,1PZ21HPD4,140,0.01,9.29,,
184,1GZ31CRND,138,0.01,7.97,,
185,6AA10ZZ,136,0.01,24.26,,
186,1TM73JA,134,0.01,20.15,,
187,3IP30DC,127,0.01,8.66,,
188,1NQ57CJ,125,0.01,17.6,,
189,8MK70HABK,120,0.01,19.17,,
190,1ZZ35HAB1,119,0.01,9.24,,
191,1YE80LA,118,0.01,12.71,,
192,1ZZ35HAN1,116,0.01,8.62,,
193,1YD80LA,115,0.01,22.61,,
194,3WZ20WA,113,0.01,36.28,,
195,3KG30DA,111,0.01,9.01,,
196,3VA10KM,111,0.01,25.23,,
197,1GZ32CAMX,109,0.01,9.17,,
198,1PM35CAD3,109,0.01,1.83,,
199,3VZ10VA,109,0.01,30.28,,
200,3IP30DD,107,0.01,3.74,,
201,1WA03JAFQ,106,0.01,34.91,,
202,3KG30DD,106,0.01,8.49,,
203,3VA30DA,106,0.01,9.43,,
204,1ZZ35HAA2,103,0.01,2.91,,
205,1YS52LA,98,0.01,2.04,,
206,6AA10MA,97,0.01,30.93,,
207,3KE20WE,96,0.01,5.21,,
208,1PZ37JAGJ,95,0.01,14.74,,
209,1ZZ35HAK0,93,0.01,5.38,,
210,7SC70SB,93,0.01,29.03,,
211,1VG03JASR,92,0.01,23.91,,
212,3ER40VA,92,0.01,21.74,,
213,1NQ35CAT9,90,0.01,15.56,,
214,1PM55CATS,90,0.01,6.67,,
215,3TZ30DA,90,0.01,4.44,,
216,1YT80JAFF,89,0.01,28.09,,
217,3EQ30VA,87,0.01,5.75,,
218,3ER40WA,87,0.01,27.59,,
219,3GT70CC,87,0.01,6.9,,
220,2HZ24HAXJ,86,0.01,10.47,,
221,6VA02ZZ,85,0.01,17.65,,
222,1PE52HH,84,0.01,4.76,,
223,1ZZ35HAF1,84,0.01,8.33,,
224,3QG30DC,83,0.01,6.02,,
225,1IS54HALF,82,0.01,9.76,,
226,1ET13CAGX,81,0.01,3.7,,
227,1HZ09GRJF,81,0.01,0,,
228,3ID20WE,81,0.01,1.23,,
229,3JM20WC,81,0.01,7.41,,
230,1GZ35CAT9,80,0.01,2.5,,
231,1NQ35CAD2,77,0.01,12.99,,
232,1YB80LAW4,76,0.01,23.68,,
233,2GZ58TA,76,0.01,6.58,,
234,3PZ70CA,76,0.01,14.47,,
235,1KV53HAFT,75,0.01,10.67,,
236,1JQ53GRLG,71,0,12.68,,
237,1VC03JASR,71,0,35.21,,
238,1WA03JASR,71,0,23.94,,
239,1YC80LA,71,0,23.94,,
240,2ZZ13RM,71,0,4.23,,
241,3KQ30DC,71,0,5.63,,
242,1ZX06JAKL,70,0,4.29,,
243,2PM70BA,70,0,5.71,,
244,1FA53CANB,69,0,5.8,,
245,3ZZ10VA,69,0,17.39,,
246,1NQ73CJ,68,0,8.82,,
247,1PM52HHTS,68,0,7.35,,
248,1YA80LAW4,68,0,26.47,,
249,3AN40WE,68,0,13.24,,
250,3KT20WE,68,0,30.88,,
251,1IS53HNLF,67,0,13.43,,
252,1LZ35HAZ9,67,0,2.99,,
253,1YV52LA,67,0,7.46,,
254,3YM30DA,67,0,4.48,,
255,2FA70BA,66,0,1.52,,
256,1GZ31CAPK,65,0,6.15,,
257,1YA80JAFF,65,0,30.77,,
258,3SC40WE,65,0,15.38,,
259,3OT40VA,63,0,3.17,,
260,1NA56BA,62,0,6.45,,
261,3OT40WA,62,0,11.29,,
262,3SK10VA,62,0,19.35,,
263,1VA52HA,60,0,11.67,,
264,3VZ40WA,60,0,30,,
265,1GV52LATS,59,0,3.39,,
266,3GY10VV,59,0,8.47,,
267,1BS35HAP1,58,0,27.59,,
268,1TA03JASQ,58,0,37.93,,
269,1ZZ35HAE2,58,0,1.72,,
270,3FY30VA,58,0,1.72,,
271,1GV52DATS,57,0,5.26,,
272,3OA30DA,57,0,5.26,,
273,6AA10CT,57,0,24.56,,
274,1ZZ35HAA3,56,0,0,,
275,1ZZ35HAJ2,56,0,7.14,,
276,3PC30DC,56,0,7.14,,
277,1ET13CAC2,55,0,3.64,,
278,1YB80JAFF,55,0,30.91,,
279,1GZ32CAMW,54,0,3.7,,
280,1UB52HA,54,0,11.11,,
281,1ZZ35HAF2,54,0,5.56,,
282,2NF70BA,54,0,7.41,,
283,3JM30DC,54,0,1.85,,
284,1GM52CATJ,53,0,5.66,,
285,1UB03JAFQ,53,0,35.85,,
286,3VG30DA,53,0,16.98,,
287,1GZ12ZZ,52,0,5.77,,
288,1ZZ35HAK5,52,0,15.38,,
289,3CA20WC,52,0,3.85,,
290,2NM70BABG,51,0,3.92,,
291,3EA10VA,51,0,19.61,,
292,3EA20VA,51,0,11.76,,
293,3TZ20WC,51,0,13.73,,
294,7SJ30LA,51,0,19.61,,
295,1NF54HATS,50,0,8,,
296,1ET13CAZ9,49,0,8.16,,
297,1VG73JA,49,0,12.24,,
298,3IP20WC,49,0,8.16,,
299,3RZ30DA,49,0,10.2,,
300,3RZ30LA,49,0,2.04,,
301,3TZ10VA,49,0,14.29,,
302,1PE54JATS,48,0,6.25,,
303,1UB03JASR,48,0,35.42,,
304,3KX30DC,48,0,12.5,,
305,1VQ03JAFQ,47,0,36.17,,
306,1ZZ35CAC1,47,0,8.51,,
307,3ET10VA,47,0,12.77,,
308,3SN10VA,46,0,21.74,,
309,1TM52HA,45,0,6.67,,
310,1YF80LAW4,45,0,15.56,,
311,1ZZ35CAP2,45,0,6.67,,
312,2CZ70JAJB,45,0,8.89,,
313,3ER40WC,45,0,20,,
314,3OT30LA,45,0,4.44,,
315,1SC03JASR,44,0,29.55,,
316,3KY30DC,44,0,13.64,,
317,7SP10ZZ,44,0,36.36,,
318,1TA52HA,43,0,13.95,,
319,2LZ28JAPL,43,0,9.3,,
320,3QG30DD,43,0,4.65,,
321,1VQ03JASR,42,0,35.71,,
322,2NF71BA,42,0,2.38,,
323,3IM10VX,42,0,2.38,,
324,3JU30DA,42,0,11.9,,
325,3PZ20WC,42,0,4.76,,
326,1ZZ35HAD5,41,0,2.44,,
327,6AA10BE,41,0,39.02,,
328,1FA52CATJ,40,0,10,,
329,1SZ52LA,40,0,5,,
330,1YF80JAFF,40,0,25,,
331,2GZ29ZZ,40,0,0,,
332,2NM70BABH,40,0,10,,
333,1WA52HA,39,0,5.13,,
334,2WZ08ZZ,39,0,30.77,,
335,3EY10VA,39,0,2.56,,
336,3JE30DA,39,0,20.51,,
337,2NT70BA,38,0,0,,
338,3HZ30GP,38,0,2.63,,
339,1LZ19HHU1J,37,0,10.81,,
340,1TK03JASQ,37,0,37.84,,
341,2HZ21ZZ,37,0,10.81,,
342,2VA71HA,37,0,5.41,,
343,3AN70CA,37,0,21.62,,
344,1JW35HH1C,36,0,13.89,,
345,1OZ35CAA2,36,0,0,,
346,1YS80LA,36,0,5.56,,
347,1ZZ35HAE5,36,0,5.56,,
348,2NQ70BA,36,0,13.89,,
349,8TA70HABK,36,0,0,,
350,1YW80LA,35,0,22.86,,
351,2RZ02CA,35,0,2.86,,
352,1OE52GPTS,34,0,2.94,,
353,1YV14JAT6,34,0,11.76,,
354,2GM70BA,34,0,2.94,,
355,3JU30DD,34,0,8.82,,
356,3KG20WE,34,0,26.47,,
357,6AA30CTAA,34,0,29.41,,
358,1NF53HATS,33,0,3.03,,
359,1ZZ35CAE4,33,0,3.03,,
360,3TA30VA,33,0,21.21,,
361,3WZ70CA,33,0,15.15,,
362,1NF13BAGX,32,0,3.12,,
363,1NK52CATS,32,0,12.5,,
364,1YS14JAT6,32,0,15.62,,
365,2HZ08EJ,32,0,0,,
366,2NA70BA,32,0,0,,
367,3EE10VA,32,0,6.25,,
368,3IM10VC,32,0,6.25,,
369,3JE20WE,32,0,31.25,,
370,3KX30DA,32,0,6.25,,
371,3SC10KM,32,0,18.75,,
372,3SC20WE,32,0,34.38,,
373,7SF12ZZ,32,0,31.25,,
374,1NA13BAFA,31,0,9.68,,
375,1OD52HATS,31,0,6.45,,
376,1ZZ35HAK8,31,0,9.68,,
377,3GY10VZ,31,0,6.45,,
378,6AA02SK,31,0,35.48,,
379,1ET55CANP,30,0,0,,
380,1NF35CAW7,30,0,10,,
381,1TV03JAFQ,30,0,36.67,,
382,1VC03JZTA,30,0,46.67,,
383,1YT80LAW4,30,0,6.67,,
384,1YU80JAFF,30,0,36.67,,
385,1YW59JAGX,30,0,13.33,,
386,3JE30DD,30,0,10,,
387,3NL10VN,30,0,6.67,,
388,3WZ20WC,30,0,30,,
389,1CX80LA,29,0,13.79,,
390,1IS53LALF,29,0,10.34,,
391,1NT52LA,29,0,6.9,,
392,8MM70HABM,29,0,13.79,,
393,1YU52LA,28,0,7.14,,
394,1ZZ35HAP6,28,0,3.57,,
395,2HZ24JAKH,28,0,7.14,,
396,2ZZ13RC,28,0,21.43,,
397,7SC70SA,28,0,7.14,,
398,7SJ30LC,28,0,17.86,,
399,1GJ50CATS,27,0,7.41,,
400,1GZ31GPND,27,0,18.52,,
401,1IL35HHC1,27,0,3.7,,
402,1KR53GRLG,27,0,18.52,,
403,1TM03JAFQ,27,0,22.22,,
404,1ZZ35HAE3,27,0,0,,
405,2CZ02ZZ,27,0,14.81,,
406,2GZ21EA,27,0,7.41,,
407,1NP13BAKK,26,0,0,,
408,1TK03JASR,26,0,30.77,,
409,1ZZ35HAB2,26,0,7.69,,
410,3CA20WA,26,0,0,,
411,3PC20WC,26,0,3.85,,
412,7SF15TZ,26,0,61.54,,
413,8TA70HABW,26,0,3.85,,
414,1PQ50CABJ,25,0,4,,
415,1PZ38JAGJ,25,0,4,,
416,1UJ73JA,25,0,20,,
417,1YT14JAT6,25,0,32,,
418,1YV52HA,25,0,8,,
419,3CA10VA,25,0,8,,
420,3SQ18VA,25,0,24,,
421,1ET13JN,24,0,8.33,,
422,1IL35HAC1,24,0,4.17,,
423,1IS55GRLF,24,0,8.33,,
424,1NF54JATS,24,0,8.33,,
425,1NQ53CATS,24,0,0,,
426,1PQ50BABJ,24,0,0,,
427,1UK73JA,24,0,33.33,,
428,1YW52LA,24,0,12.5,,
429,3EY20WA,24,0,4.17,,
430,3OT40WC,24,0,0,,
431,1NF13BAKK,23,0,0,,
432,1NQ35CAX9,23,0,17.39,,
433,1PM54HHTS,23,0,0,,
434,1TA03JASR,23,0,39.13,,
435,1YG80LA,23,0,8.7,,
436,1YV80JAFF,23,0,43.48,,
437,1YW14JAT6,23,0,39.13,,
438,2GZ21EC,23,0,4.35,,
439,2TA71HA,23,0,4.35,,
440,2WA71HA,23,0,0,,
441,3CA20VA,23,0,13.04,,
442,1GZ30JH,22,0,0,,
443,1NQ52LA,22,0,0,,
444,1PM35CAT9,22,0,0,,
445,1TK03JAFQ,22,0,18.18,,
446,1TV03JASR,22,0,22.73,,
447,1UC73JA,22,0,18.18,,
448,1YT52LA,22,0,13.64,,
449,1ZZ35HAP3,22,0,9.09,,
450,2HZ21UC,22,0,4.55,,
451,3FU30VA,22,0,0,,
452,3GT20WE,22,0,9.09,,
453,3ID10VC,22,0,13.64,,
454,3PH10VA,22,0,0,,
455,3VZ40VA,22,0,27.27,,
456,1ET52CATJ,21,0,9.52,,
457,1FX52BA,21,0,9.52,,
458,3EY20VA,21,0,4.76,,
459,3SF20WA,21,0,28.57,,
460,7SC70SD,21,0,14.29,,
461,1GJ54JATS,20,0,5,,
462,1JW57GPGX,20,0,20,,
463,1YS52HA,20,0,5,,
464,3JM30DA,20,0,0,,
465,3KG10VX,20,0,5,,
466,3KT10VA,20,0,10,,
467,3QZ30DA,20,0,15,,
468,3SH30DA,20,0,0,,
469,3WZ70CC,20,0,15,,
470,1IL35HA1C,19,0,5.26,,
471,1SZ52HATS,19,0,5.26,,
472,1TM03JASR,19,0,21.05,,
473,1WA03JAMM,19,0,36.84,,
474,1ZZ35HAB7,19,0,5.26,,
475,1ZZ35HAP5,19,0,31.58,,
476,2UB71HA,19,0,10.53,,
477,3AF10VA,19,0,15.79,,
478,3JX40WA,19,0,42.11,,
479,3KT30DA,19,0,15.79,,
480,7SC70SC,19,0,31.58,,
481,1HA52HA,18,0,5.56,,
482,1NP73BA,18,0,16.67,,
483,1YV59JAGX,18,0,11.11,,
484,1YZ80LA,18,0,11.11,,
485,2QT70CA,18,0,0,,
486,3OT10VZ,18,0,16.67,,
487,8MM70HABL,18,0,11.11,,
488,1HA52HATS,17,0,5.88,,
489,1NM52CATS,17,0,0,,
490,1NP13BAGX,17,0,0,,
491,1OE54HATS,17,0,0,,
492,1PM35HHZ9,17,0,11.76,,
493,1ZZ35HAR5,17,0,0,,
494,3GY10WX,17,0,0,,
495,3VG10KM,17,0,11.76,,
496,1YD80JAFF,16,0,6.25,,
497,1ZZ35HAC2,16,0,0,,
498,2AN24JAJA,16,0,0,,
499,2GZ58ZZ,16,0,18.75,,
500,3EF10AS,16,0,12.5,,
501,3ER30DA,16,0,6.25,,
502,3GE10VA,16,0,12.5,,
503,3IP20VA,16,0,12.5,,
504,3IP30HA,16,0,6.25,,
505,3JM30DD,16,0,6.25,,
506,3JY10VA,16,0,6.25,,
507,3KE10VX,16,0,18.75,,
508,3KE30DA,16,0,6.25,,
509,3WZ10VA,16,0,12.5,,
510,1ET13CATS,15,0,0,,
511,1ET73JA,15,0,33.33,,
512,1GJ77LALG,15,0,20,,
513,1OT52LATS,15,0,0,,
514,1OZ35CAT9,15,0,0,,
515,1TM03JASQ,15,0,20,,
516,1VA03JZTA,15,0,46.67,,
517,1WG03JAFQ,15,0,66.67,,
518,1YS59JAGX,15,0,13.33,,
519,1YW14JAH1,15,0,26.67,,
520,1ZZ35HAE1,15,0,6.67,,
521,1ZZ35HAE6,15,0,6.67,,
522,1ZZ35YAE4,15,0,0,,
523,2CC70JD,15,0,0,,
524,2NA02ZZ,15,0,20,,
525,2PM29ZZ,15,0,13.33,,
526,3KY30DA,15,0,0,,
527,3OG10WZ,15,0,0,,
528,3TB10VA,15,0,26.67,,
529,3VZ20WE,15,0,33.33,,
530,1FR52LA,14,0,0,,
531,1IS51GRKA,14,0,7.14,,
532,1NF35CAT9,14,0,0,,
533,1NK54HATS,14,0,0,,
534,1PE50DABJ,14,0,7.14,,
535,1VX52LA,14,0,0,,
536,1WV59LAGX,14,0,14.29,,
537,2GZ21EG,14,0,14.29,,
538,2HZ07NR,14,0,7.14,,
539,3AN10VJ,14,0,21.43,,
540,3GT70CA,14,0,14.29,,
541,3JX30DC,14,0,28.57,,
542,3KE30DC,14,0,0,,
543,3OT30DB,14,0,7.14,,
544,1AA35HA1C,13,0,0,,
545,1JT53GRLG,13,0,23.08,,
546,1NA13BAGX,13,0,0,,
547,1NF53BTTS,13,0,0,,
548,1OT52LA,13,0,7.69,,
549,1QD72LA,13,0,0,,
550,1UY52LA,13,0,0,,
551,1WA73LA,13,0,23.08,,
552,1YU80LAW4,13,0,15.38,,
553,2FX70BA,13,0,0,,
554,2NT70JA,13,0,30.77,,
555,2OT71HA,13,0,15.38,,
556,2TM71HA,13,0,0,,
557,2ZZ02ZX,13,0,23.08,,
558,3JL10VX,13,0,15.38,,
559,3OC30DA,13,0,7.69,,
560,1IL35HH1C,12,0,0,,
561,1NQ35CAD3,12,0,16.67,,
562,1PE50BABJ,12,0,0,,
563,1PM13BAC2,12,0,0,,
564,1PM52LATS,12,0,25,,
565,1QG52LA,12,0,0,,
566,1VG03JAEQ,12,0,50,,
567,1YG52LA,12,0,0,,
568,1YS14JANP,12,0,0,,
569,1ZZ35HAP7,12,0,8.33,,
570,2ET70BA,12,0,16.67,,
571,2GZ58TP,12,0,0,,
572,2NM70BABJ,12,0,0,,
573,2YV71HA,12,0,8.33,,
574,3EA20WC,12,0,16.67,,
575,3ER40WE,12,0,8.33,,
576,3FY20WE,12,0,0,,
577,3GT70KC,12,0,16.67,,
578,3ID10VX,12,0,8.33,,
579,3IP10VX,12,0,0,,
580,3JX40VA,12,0,16.67,,
581,3PC30DD,12,0,8.33,,
582,3VA10VL,12,0,16.67,,
583,3VA94ZB,12,0,33.33,,
584,8ZZ70GRBW,12,0,8.33,,
585,1GJ55CANG,11,0,0,,
586,1GT52HHTJ,11,0,9.09,,
587,1KE51GQGE,11,0,0,,
588,1LZ35HHC6,11,0,9.09,,
589,1OT52CQ,11,0,9.09,,
590,1PV52HH,11,0,9.09,,
591,1PV54JATS,11,0,9.09,,
592,1VC03HATA,11,0,18.18,,
593,1WV52LA,11,0,18.18,,
594,1YF52LA,11,0,0,,
595,1ZZ35HAT9,11,0,18.18,,
596,2GM71BR,11,0,0,,
597,2HZ29ZZ,11,0,0,,
598,3JX10VX,11,0,18.18,,
599,3JY30DA,11,0,0,,
600,3KV30DC,11,0,9.09,,
601,3NZ70SC,11,0,0,,
602,3OD70CA,11,0,0,,
603,3PS10VC,11,0,0,,
604,1FX56CA,10,0,10,,
605,1GJ54JANG,10,0,10,,
606,1KX54HALG,10,0,10,,
607,1NF55CATS,10,0,10,,
608,1NQ56CJ,10,0,0,,
609,1OA52HATS,10,0,10,,
610,1OE54JANR,10,0,0,,
611,1OT54JATS,10,0,20,,
612,1SZ52HA,10,0,0,,
613,1UI73JA,10,0,20,,
614,1UL03JASR,10,0,20,,
615,1VG52WK,10,0,30,,
616,1YM52HA,10,0,0,,
617,1YT52HA,10,0,0,,
618,1ZZ35CAJ2,10,0,10,,
619,1ZZ35YA1C,10,0,30,,
620,2ZZ02ZU,10,0,20,,
621,3KT30DC,10,0,0,,
622,3NM10VN,10,0,0,,
623,3NZ10VN,10,0,0,,
624,3PZ10VA,10,0,0,,
625,6AA10AD,10,0,0,,
626,1BS11HAP1,9,0,33.33,,
627,1BT35HAP1,9,0,22.22,,
628,1GE52CATJ,9,0,22.22,,
629,1GV52DA,9,0,0,,
630,1HZ09LAJF,9,0,11.11,,
631,1JD09JJ,9,0,11.11,,
632,1LZ35HHC5,9,0,0,,
633,1OD54HATS,9,0,11.11,,
634,1OT52DATS,9,0,11.11,,
635,1PM35CAD1,9,0,0,,
636,1VG35HAJ2,9,0,33.33,,
637,1VX52HA,9,0,22.22,,
638,1VX59LAGX,9,0,0,,
639,1YS14JAGN,9,0,0,,
640,1YS55JAFF,9,0,22.22,,
641,1YS80JAFF,9,0,22.22,,
642,1YT14JAH1,9,0,44.44,,
643,1YV14JAH1,9,0,33.33,,
644,2HZ07NK,9,0,11.11,,
645,2HZ24GPKJ,9,0,11.11,,
646,2WY71HA,9,0,22.22,,
647,2YT71HA,9,0,0,,
648,3FE10AS,9,0,0,,
649,3IP70KG,9,0,0,,
650,3JX40WC,9,0,22.22,,
651,3KQ30DA,9,0,0,,
652,3KY30DD,9,0,0,,
653,1AC52MBSJ,8,0,25,,
654,1CJ52HA,8,0,12.5,,
655,1DE57CAZ9,8,0,0,,
656,1FJ80LA,8,0,0,,
657,1GT52HA,8,0,0,,
658,1KE51GQW0,8,0,12.5,,
659,1OW73CJ,8,0,0,,
660,1PE54DANR,8,0,12.5,,
661,1PM52JA,8,0,0,,
662,1UF73JA,8,0,37.5,,
663,1VC03JAFQ,8,0,50,,
664,1WM73JA,8,0,25,,
665,1YA52LA,8,0,0,,
666,1YM52LA,8,0,0,,
667,1YS52JA,8,0,12.5,,
668,1YV80LAW4,8,0,12.5,,
669,1ZZ35CAA2,8,0,0,,
670,1ZZ35HAT2,8,0,0,,
671,2NA71BA,8,0,0,,
672,2NK70DA,8,0,0,,
673,2NK71BABL,8,0,12.5,,
674,3EY20WC,8,0,0,,
675,3IP20WA,8,0,12.5,,
676,3JX30DA,8,0,25,,
677,3KR10VA,8,0,12.5,,
678,3MP10VF,8,0,0,,
679,3OT10WX,8,0,0,,
680,3PC10VZ,8,0,12.5,,
681,3SF20VA,8,0,25,,
682,1DA80LA,7,0,28.57,,
683,1GE56BA,7,0,0,,
684,1GV52LA,7,0,28.57,,
685,1IS54JALF,7,0,14.29,,
686,1NA52BA,7,0,14.29,,
687,1NA52CATS,7,0,14.29,,
688,1NK53CATS,7,0,0,,
689,1NK53HATS,7,0,14.29,,
690,1NM52DA,7,0,0,,
691,1PM35BAZ9,7,0,0,,
692,1RM73CACD,7,0,0,,
693,1RS13CANP,7,0,0,,
694,1SH52LA,7,0,14.29,,
695,1UY35HAP2,7,0,14.29,,
696,1VC03JZSR,7,0,42.86,,
697,1VP73JA,7,0,42.86,,
698,1WJ73JA,7,0,14.29,,
699,1YS14JAH1,7,0,28.57,,
700,1YS52HATS,7,0,0,,
701,1YU56JA,7,0,14.29,,
702,1YV14JAGN,7,0,28.57,,
703,1YW52HA,7,0,14.29,,
704,1YY38JAGJ,7,0,71.43,,
705,1ZX07KSKK,7,0,28.57,,
706,1ZZ35HAE4,7,0,0,,
707,1ZZ35HAP1,7,0,14.29,,
708,1ZZ35HAR6,7,0,0,,
709,2CC70FA,7,0,0,,
710,2GZ21EH,7,0,0,,
711,2PM58TA,7,0,14.29,,
712,2PQ70BA,7,0,0,,
713,2QZ02JA,7,0,28.57,,
714,3JX10VA,7,0,0,,
715,3KE10VA,7,0,14.29,,
716,3KG10VA,7,0,0,,
717,3KR30DB,7,0,28.57,,
718,3OA30DC,7,0,0,,
719,3OT10VH,7,0,0,,
720,3OT10WG,7,0,0,,
721,3PC20WE,7,0,0,,
722,3PH10VZ,7,0,0,,
723,3TM30VA,7,0,14.29,,
724,3UB10KM,7,0,28.57,,
725,3WA10KM,7,0,0,,
726,1EQ52HA,6,0,0,,
727,1ET13CAHB,6,0,16.67,,
728,1FH52LA,6,0,0,,
729,1GM52BATJ,6,0,16.67,,
730,1GV38JAHD,6,0,0,,
731,1GV54JATS,6,0,16.67,,
732,1GV55JATS,6,0,0,,
733,1HZ53GRNM,6,0,16.67,,
734,1IJ50GQOA,6,0,0,,
735,1JX80LA,6,0,16.67,,
736,1KV35HH1C,6,0,0,,
737,1NP13BAC2,6,0,0,,
738,1OT52DA,6,0,0,,
739,1PL50BABJ,6,0,0,,
740,1PM13BAZ9,6,0,0,,
741,1QD73JH,6,0,16.67,,
742,1RY52LA,6,0,0,,
743,1TM52WK,6,0,33.33,,
744,1UJ03JASR,6,0,16.67,,
745,1UM73JA,6,0,16.67,,
746,1VA35HAJ2,6,0,33.33,,
747,1VG03JAFQ,6,0,33.33,,
748,1YA55JAFF,6,0,33.33,,
749,1YD80LAW4,6,0,16.67,,
750,1YE80LAW4,6,0,16.67,,
751,1YF14JAT6,6,0,0,,
752,1YG52HA,6,0,0,,
753,1YS59JAX7,6,0,0,,
754,1YT59JAGX,6,0,0,,
755,1YU14JAT6,6,0,0,,
756,1YV35JAD2,6,0,33.33,,
757,1YV52JA,6,0,0,,
758,1YV55JAFF,6,0,33.33,,
759,1YY80LA,6,0,0,,
760,2GT71HA,6,0,0,,
761,2GV71HA,6,0,0,,
762,2HZ23JAKF,6,0,0,,
763,2LZ28GPPL,6,0,33.33,,
764,2NK70BABJ,6,0,16.67,,
765,2OA71HA,6,0,0,,
766,2ZZ13ZZ,6,0,0,,
767,3JW10VC,6,0,33.33,,
768,3JX10VC,6,0,33.33,,
769,3KG30DB,6,0,0,,
770,3QT30DA,6,0,0,,
771,3TA10KM,6,0,0,,
772,3VC94ZB,6,0,33.33,,
773,6AA02CM,6,0,16.67,,
774,7SF17JA,6,0,0,,
775,1EL73JA,5,0,0,,
776,1EQ52LA,5,0,20,,
777,1FD80LA,5,0,0,,
778,1GJ56CATJ,5,0,0,,
779,1GJ77LA,5,0,40,,
780,1HD53GRJA,5,0,0,,
781,1JE57GQGX,5,0,20,,
782,1JW35HA1C,5,0,0,,
783,1LZ19HHU9J,5,0,0,,
784,1LZ19HMU1,5,0,0,,
785,1NF53BABC,5,0,0,,
786,1NK52BATS,5,0,0,,
787,1NM52CA,5,0,0,,
788,1NQ52HA,5,0,0,,
789,1NQ52LATS,5,0,0,,
790,1NT73CJ,5,0,20,,
791,1OE50BANR,5,0,0,,
792,1PG50BABJ,5,0,0,,
793,1RW52LA,5,0,0,,
794,1SQ52HA,5,0,0,,
795,1TA03JAEQ,5,0,40,,
796,1TA03JAFG,5,0,20,,
797,1TV73LA,5,0,0,,
798,1UB73LA,5,0,40,,
799,1UE73JA,5,0,20,,
800,1UL03JAFQ,5,0,20,,
801,1VA35HAP1,5,0,40,,
802,1VQ73LA,5,0,20,,
803,1WE73JA,5,0,20,,
804,1WL93LA,5,0,40,,
805,1YR52LA,5,0,0,,
806,1YU14JAH1,5,0,20,,
807,1YV14JANP,5,0,40,,
808,1YW59JACF,5,0,0,,
809,1ZZ35CAK4,5,0,0,,
810,1ZZ35HAA5,5,0,0,,
811,1ZZ35HAJ4,5,0,0,,
812,2YS71HA,5,0,0,,
813,3AW10VM,5,0,20,,
814,3EA20WE,5,0,0,,
815,3EB10VA,5,0,0,,
816,3GY40WA,5,0,20,,
817,3IP70CC,5,0,0,,
818,3JQ30DA,5,0,0,,
819,3JW10VX,5,0,0,,
820,3KQ30DD,5,0,20,,
821,3NM20WC,5,0,0,,
822,3OT12VA,5,0,0,,
823,3OT18VA,5,0,0,,
824,3PH10XJ,5,0,0,,
825,3PM10WN,5,0,0,,
826,3PZ70TH,5,0,0,,
827,3TZ20WE,5,0,0,,
828,3VA12VA,5,0,20,,
829,3ZZ40WC,5,0,0,,
830,1AA13HAC2,4,0,0,,
831,1AC52HA,4,0,25,,
832,1CX52LA,4,0,0,,
833,1DE57CATJ,4,0,0,,
834,1EE73JA,4,0,0,,
835,1ET13GQW0,4,0,0,,
836,1FE57JA,4,0,0,,
837,1GM56BA,4,0,25,,
838,1GM56BATJ,4,0,25,,
839,1GZ38JAND,4,0,25,,
840,1HZ53HAFS,4,0,0,,
841,1KG35HHC1,4,0,0,,
842,1KV13HAC2,4,0,0,,
843,1KV13JAGN,4,0,25,,
844,1KV35HHC1,4,0,0,,
845,1KV80LA,4,0,25,,
846,1KX35HH1C,4,0,0,,
847,1LZ19HHU4J,4,0,0,,
848,1LZ35HRZ9,4,0,25,,
849,1NA53CANB,4,0,0,,
850,1NF13BAC2,4,0,0,,
851,1NF35CAD2,4,0,0,,
852,1NF54HAQB,4,0,25,,
853,1NK52CA,4,0,0,,
854,1NQ13BAGX,4,0,0,,
855,1OD52HA,4,0,25,,
856,1OD55HATS,4,0,0,,
857,1OE52BATS,4,0,0,,
858,1OE55HATS,4,0,0,,
859,1OT52HHD3,4,0,0,,
860,1OZ17HHT4,4,0,0,,
861,1PL50BAGX,4,0,0,,
862,1PM52BT,4,0,0,,
863,1PQ50BABP,4,0,0,,
864,1PQ50CABP,4,0,25,,
865,1PQ55CABJ,4,0,0,,
866,1PZ37JAGP,4,0,0,,
867,1PZ38JAGP,4,0,0,,
868,1QG80LA,4,0,25,,
869,1SC03JAEQ,4,0,25,,
870,1TK03JAEQ,4,0,50,,
871,1VA03JASR,4,0,0,,
872,1VG03HASR,4,0,25,,
873,1VQ03JAEQ,4,0,25,,
874,1WJ93LA,4,0,0,,
875,1YA14JAT6,4,0,25,,
876,1YF59JAGX,4,0,0,,
877,1YS87LA,4,0,0,,
878,1YZ14JAT6,4,0,25,,
879,1ZX07JAKK,4,0,0,,
880,1ZZ35CAA4,4,0,0,,
881,1ZZ35CAP6,4,0,0,,
882,1ZZ35HAA7,4,0,0,,
883,1ZZ35HAM0,4,0,0,,
884,2CZ08ZZ,4,0,25,,
885,2CZ28JAPR,4,0,0,,
886,2GJ70BA,4,0,0,,
887,2GZ21EF,4,0,0,,
888,2HZ07NM,4,0,0,,
889,2PM58VG,4,0,25,,
890,2YM71HA,4,0,0,,
891,2ZZ13RH,4,0,0,,
892,3AN10WX,4,0,25,,
893,3DR20VA,4,0,25,,
894,3EL20WA,4,0,0,,
895,3GT70KD,4,0,25,,
896,3GY18VA,4,0,0,,
897,3ID30GP,4,0,0,,
898,3IP40WA,4,0,0,,
899,3JE10VA,4,0,50,,
900,3JE10VX,4,0,25,,
901,3JG30DC,4,0,25,,
902,3KT30DD,4,0,0,,
903,3KV30DA,4,0,25,,
904,3NZ70CA,4,0,0,,
905,3PC10VC,4,0,25,,
906,3PM10XJ,4,0,0,,
907,3PZ20WE,4,0,0,,
908,3QG30DB,4,0,0,,
909,3SC10VN,4,0,25,,
910,3SE10VK,4,0,25,,
911,3SQ10VN,4,0,25,,
912,3TM10KM,4,0,0,,
913,3TZ40VA,4,0,0,,
914,3UL10KM,4,0,25,,
915,3VZ40WC,4,0,0,,
916,3WG10KM,4,0,0,,
917,3WY70CA,4,0,25,,
918,3ZZ70CC,4,0,75,,
919,6AA03ZZ,4,0,0,,
920,6AA30CTZZ,4,0,50,,
921,7SF02PR,4,0,25,,
922,7SF15ZZ,4,0,75,,
923,1AC54HATS,3,0,33.33,,
924,1BB35HAP1,3,0,33.33,,
925,1BS09CADV,3,0,33.33,,
926,1BX35HAP1,3,0,33.33,,
927,1CH87LAAG,3,0,33.33,,
928,1DE57CAGX,3,0,0,,
929,1EP80LA,3,0,0,,
930,1ET13GQC2,3,0,0,,
931,1ET59BAGX,3,0,33.33,,
932,1FG13JAC2,3,0,0,,
933,1FG80LA,3,0,0,,
934,1FJ13JAC2,3,0,0,,
935,1FR52HA,3,0,0,,
936,1GJ53BAEM,3,0,33.33,,
937,1GJ54CANR,3,0,0,,
938,1GJ55CATS,3,0,0,,
939,1GZ30CJ,3,0,0,,
940,1GZ31JAMD,3,0,0,,
941,1GZ35CAV0,3,0,0,,
942,1GZ35CAZ9,3,0,0,,
943,1HZ38GRNN,3,0,0,,
944,1JE57GQFV,3,0,33.33,,
945,1KE50GQOA,3,0,0,,
946,1KV35HA1C,3,0,0,,
947,1KV35HAC1,3,0,0,,
948,1LZ19HHU1A,3,0,0,,
949,1NA13BA,3,0,0,,
950,1NF13BAX7,3,0,33.33,,
951,1NF35CAT2,3,0,0,,
952,1NF87BA,3,0,0,,
953,1NM50CANR,3,0,0,,
954,1NP13BAX7,3,0,0,,
955,1NP73CC,3,0,0,,
956,1NQ13CAC2,3,0,0,,
957,1NQ52BATS,3,0,0,,
958,1NT52HA,3,0,0,,
959,1OE57BABD,3,0,0,,
960,1OT53HATS,3,0,0,,
961,1OW38JAGJ,3,0,0,,
962,1OW52CATS,3,0,0,,
963,1PC52DA,3,0,0,,
964,1PC52HA,3,0,0,,
965,1PE54BANR,3,0,0,,
966,1PL35HAT9,3,0,0,,
967,1PM35CAI6,3,0,0,,
968,1PV50HABP,3,0,0,,
969,1RM13CANP,3,0,0,,
970,1RS55CANU,3,0,0,,
971,1SA03JASR,3,0,0,,
972,1SC35HAJ2,3,0,0,,
973,1SM73JA,3,0,33.33,,
974,1SQ73JA,3,0,33.33,,
975,1SY09JAAZ,3,0,0,,
976,1TA73LA,3,0,0,,
977,1TQ80LA,3,0,0,,
978,1UH73JA,3,0,33.33,,
979,1VA73LA,3,0,0,,
980,1VC03HAKC,3,0,0,,
981,1VG03JAFG,3,0,33.33,,
982,1VR09JAAZ,3,0,0,,
983,1VR80LA,3,0,0,,
984,1VX52HATS,3,0,0,,
985,1WI52HA,3,0,0,,
986,1WN73JA,3,0,0,,
987,1YB14JAT6,3,0,0,,
988,1YB55JAFF,3,0,0,,
989,1YC80LAW4,3,0,0,,
990,1YF56JA,3,0,0,,
991,1YR80LA,3,0,0,,
992,1YS59JACF,3,0,33.33,,
993,1YT35JAD2,3,0,33.33,,
994,1YT56JA,3,0,0,,
995,1YU55JAFF,3,0,0,,
996,1YV14JAFJ,3,0,33.33,,
997,1YV14JAFN,3,0,66.67,,
998,1YV59JACF,3,0,66.67,,
999,1YV87LA,3,0,0,,
1000,1YW14JANP,3,0,0,,
1001,1YW87LA,3,0,0,,
1002,1YX52LA,3,0,33.33,,
1003,1YX87LA,3,0,33.33,,
1004,1YZ80JAFF,3,0,33.33,,
1005,1ZZ35CAF1,3,0,0,,
1006,1ZZ35HAH2,3,0,0,,
1007,1ZZ35HAL4,3,0,0,,
1008,1ZZ35HAM4,3,0,0,,
1009,1ZZ35HAM9,3,0,0,,
1010,1ZZ35HAP9,3,0,0,,
1011,2AZ03ZZ,3,0,0,,
1012,2FK02ZZ,3,0,0,,
1013,2PC71HA,3,0,0,,
1014,2RM71BA,3,0,0,,
1015,2RM71CG,3,0,0,,
1016,2RS71CA,3,0,0,,
1017,2YS71LA,3,0,0,,
1018,3DR20WA,3,0,33.33,,
1019,3EL10VA,3,0,33.33,,
1020,3EL20VA,3,0,0,,
1021,3EQ10VC,3,0,0,,
1022,3FX10VA,3,0,0,,
1023,3GT10VV,3,0,0,,
1024,3GY12VA,3,0,0,,
1025,3GY40WC,3,0,0,,
1026,3IP40WC,3,0,0,,
1027,3JW10VA,3,0,0,,
1028,3KE40WA,3,0,0,,
1029,3KG40WC,3,0,0,,
1030,3KV10VX,3,0,0,,
1031,3NA10VN,3,0,0,,
1032,3OE10XA,3,0,33.33,,
1033,3OT30DG,3,0,33.33,,
1034,3VA70CC,3,0,0,,
1035,3VC12VA,3,0,0,,
1036,3VZ18VA,3,0,0,,
1037,3WA12VA,3,0,33.33,,
1038,3WY70CC,3,0,33.33,,
1039,6AA10CD,3,0,0,,
1040,7SC70SF,3,0,0,,
1041,7SP10VE,3,0,33.33,,
1042,7SP60ZZ,3,0,0,,
1043,8AA70BABA,3,0,33.33,,
1044,1AX52HA,2,0,0,,
1045,1CM35HA1C,2,0,0,,
1046,1CX74UX,2,0,0,,
1047,1DE35CAZ9,2,0,0,,
1048,1DE57BAZ9,2,0,50,,
1049,1DJ53CANR,2,0,0,,
1050,1DR12JJ,2,0,0,,
1051,1EQ13JN,2,0,50,,
1052,1EQ52HATS,2,0,0,,
1053,1FA55CANB,2,0,0,,
1054,1FD13JAC2,2,0,0,,
1055,1FD13JAGX,2,0,0,,
1056,1FD52LA,2,0,0,,
1057,1FE74LASU,2,0,50,,
1058,1FX52HA,2,0,0,,
1059,1FX56JA,2,0,0,,
1060,1GE56BATJ,2,0,0,,
1061,1GJ50LA,2,0,0,,
1062,1GJ56BA,2,0,0,,
1063,1GJ56JACD,2,0,50,,
1064,1GR35BAD2,2,0,0,,
1065,1GT33HAV0,2,0,0,,
1066,1GT35CAT9,2,0,0,,
1067,1GT56DA,2,0,0,,
1068,1GV35HH1C,2,0,50,,
1069,1GZ31JANC,2,0,0,,
1070,1GZ38JANE,2,0,0,,
1071,1HJ76RXXXA,2,0,0,,
1072,1HZ09LACJ,2,0,0,,
1073,1HZ38JANN,2,0,0,,
1074,1HZ53GRNK,2,0,0,,
1075,1IS38JAQK,2,0,0,,
1076,1IS55LALF,2,0,0,,
1077,1JE57GQOC,2,0,0,,
1078,1JK51GQGE,2,0,50,,
1079,1JM51LA,2,0,50,,
1080,1KG50GQBD,2,0,0,,
1081,1KQ80LA,2,0,0,,
1082,1KV13JN,2,0,0,,
1083,1KV54HAFT,2,0,0,,
1084,1KX13JAGN,2,0,0,,
1085,1KX35HA1C,2,0,0,,
1086,1KX35HHC1,2,0,50,,
1087,1KX53LAFT,2,0,0,,
1088,1KY57LA,2,0,0,,
1089,1LZ19HHU2J,2,0,0,,
1090,1LZ35HHT9,2,0,0,,
1091,1LZ52HB,2,0,0,,
1092,1NA13BAKK,2,0,0,,
1093,1NA50BABD,2,0,50,,
1094,1NF13BAFA,2,0,0,,
1095,1NF35CAD1,2,0,0,,
1096,1NF53DATS,2,0,0,,
1097,1NF55BATS,2,0,0,,
1098,1NF55JATS,2,0,0,,
1099,1NK53BTTS,2,0,0,,
1100,1NK59BAGX,2,0,0,,
1101,1NM54CATS,2,0,0,,
1102,1NP13GQW0,2,0,0,,
1103,1NT52LATS,2,0,0,,
1104,1NT87URFA,2,0,0,,
1105,1OA52HA,2,0,0,,
1106,1OA54JATS,2,0,0,,
1107,1OB13GQGE,2,0,50,,
1108,1OE52DATS,2,0,0,,
1109,1OE54BATS,2,0,0,,
1110,1OE59HAAZ,2,0,0,,
1111,1OJ52HATS,2,0,50,,
1112,1OT52HHD2,2,0,0,,
1113,1OW35CAD3,2,0,0,,
1114,1OW52CA,2,0,0,,
1115,1OZ17CDT4,2,0,0,,
1116,1PE50BABD,2,0,0,,
1117,1PE50LABJ,2,0,0,,
1118,1PE55CANR,2,0,0,,
1119,1PE55JATS,2,0,0,,
1120,1PL35BAT9,2,0,0,,
1121,1PM13BAGX,2,0,0,,
1122,1PM35CAK0,2,0,0,,
1123,1PM52HA,2,0,0,,
1124,1PQ57BAGX,2,0,0,,
1125,1PV50CJ,2,0,0,,
1126,1PV52JATS,2,0,0,,
1127,1QE52HA,2,0,0,,
1128,1RN13CANP,2,0,0,,
1129,1RS53CANU,2,0,0,,
1130,1SA03JZKC,2,0,0,,
1131,1SC03JZKC,2,0,50,,
1132,1SH52HA,2,0,0,,
1133,1SH59LA,2,0,0,,
1134,1SH87LA,2,0,0,,
1135,1SM03JASR,2,0,0,,
1136,1SQ03JZSQ,2,0,100,,
1137,1TA35HAJ2,2,0,0,,
1138,1TA52WK,2,0,0,,
1139,1TB73JA,2,0,50,,
1140,1TM73LA,2,0,0,,
1141,1TV03JASQ,2,0,0,,
1142,1TX52LA,2,0,0,,
1143,1TX59LA,2,0,0,,
1144,1UB03JAFG,2,0,50,,
1145,1UG73JA,2,0,0,,
1146,1UI03JASR,2,0,0,,
1147,1UJ93LA,2,0,0,,
1148,1UV80LA,2,0,0,,
1149,1UY59LAGX,2,0,0,,
1150,1VA03HATA,2,0,0,,
1151,1VC03JAEQ,2,0,50,,
1152,1VG02YN,2,0,50,,
1153,1VG03JZSR,2,0,50,,
1154,1VG52DA,2,0,50,,
1155,1VG73DA,2,0,50,,
1156,1VQ03HAKC,2,0,50,,
1157,1VX35HAP1,2,0,0,,
1158,1VX59LAX7,2,0,0,,
1159,1WA03JAFG,2,0,0,,
1160,1WA38JAFQ,2,0,0,,
1161,1WM93LA,2,0,0,,
1162,1WV52HA,2,0,0,,
1163,1YA14JAGN,2,0,50,,
1164,1YC52LA,2,0,50,,
1165,1YF13JAC2,2,0,0,,
1166,1YF35JAD2,2,0,100,,
1167,1YF52HA,2,0,0,,
1168,1YF55JAFF,2,0,50,,
1169,1YG59JAGX,2,0,0,,
1170,1YS14JANCN,2,0,50,,
1171,1YS35JAD2,2,0,0,,
1172,1YS53LATS,2,0,50,,
1173,1YS55JANP,2,0,0,,
1174,1YS80LAW4,2,0,50,,
1175,1YT14JAFN,2,0,0,,
1176,1YT14JAGN,2,0,0,,
1177,1YT55JAFF,2,0,50,,
1178,1YU14JAFN,2,0,0,,
1179,1YU59JAGX,2,0,0,,
1180,1YV35JAG8,2,0,0,,
1181,1YV52HATS,2,0,0,,
1182,1YW14JAFJ,2,0,50,,
1183,1YW14JAGN,2,0,0,,
1184,1YW52JA,2,0,0,,
1185,1YW80LAW4,2,0,0,,
1186,1YZ52LA,2,0,0,,
1187,1YZ55JAFF,2,0,0,,
1188,1ZZ35CAA3,2,0,0,,
1189,1ZZ35CAB2,2,0,0,,
1190,1ZZ35CAB3,2,0,0,,
1191,1ZZ35CAI6,2,0,0,,
1192,1ZZ35CAK3,2,0,50,,
1193,1ZZ35CAK9,2,0,0,,
1194,1ZZ35CAP7,2,0,50,,
1195,1ZZ35HAC3,2,0,0,,
1196,1ZZ35HAI2,2,0,0,,
1197,1ZZ35HAJ1,2,0,0,,
1198,1ZZ35HAK1,2,0,50,,
1199,1ZZ35HAN5,2,0,0,,
1200,1ZZ35HAR3,2,0,50,,
1201,1ZZ35HAR4,2,0,0,,
1202,1ZZ35YAR3,2,0,0,,
1203,2CJ70FA,2,0,0,,
1204,2DR08JH,2,0,0,,
1205,2FG71LA,2,0,0,,
1206,2GY70DA,2,0,0,,
1207,2GZ21EB,2,0,0,,
1208,2GZ21ED,2,0,0,,
1209,2LZ28GQPL,2,0,0,,
1210,2NA71BR,2,0,50,,
1211,2NF71BR,2,0,0,,
1212,2NM71BABH,2,0,0,,
1213,2NQ70LA,2,0,0,,
1214,2OW70BA,2,0,0,,
1215,2OW70JA,2,0,0,,
1216,2PM58VF,2,0,0,,
1217,2PM58VH,2,0,0,,
1218,2RM71CR,2,0,0,,
1219,2RN71CG,2,0,0,,
1220,2RN71CR,2,0,0,,
1221,2RZ02JA,2,0,0,,
1222,2SZ71HA,2,0,0,,
1223,2TX70LA,2,0,0,,
1224,2VA08ZZ,2,0,0,,
1225,2VA71DA,2,0,50,,
1226,2VX70LA,2,0,50,,
1227,2YG71HA,2,0,0,,
1228,2YV71LA,2,0,0,,
1229,2YW71HA,2,0,0,,
1230,3AF20VA,2,0,0,,
1231,3AN30DA,2,0,50,,
1232,3AN94ZB,2,0,0,,
1233,3AW10VJ,2,0,0,,
1234,3CA20WE,2,0,0,,
1235,3CA40VA,2,0,50,,
1236,3EA12VA,2,0,0,,
1237,3EF10VA,2,0,0,,
1238,3EQ10VZ,2,0,50,,
1239,3EQ30VZ,2,0,0,,
1240,3FX20WA,2,0,0,,
1241,3FX20WC,2,0,0,,
1242,3FY40WC,2,0,0,,
1243,3GY30HJ,2,0,50,,
1244,3ID40WC,2,0,0,,
1245,3IP20WE,2,0,0,,
1246,3JE40WC,2,0,0,,
1247,3JG30DD,2,0,0,,
1248,3JM10VA,2,0,0,,
1249,3JM20WE,2,0,0,,
1250,3JQ30DC,2,0,0,,
1251,3JY10VC,2,0,0,,
1252,3JY30DC,2,0,0,,
1253,3KE30DD,2,0,0,,
1254,3KT10VC,2,0,0,,
1255,3KT10VX,2,0,0,,
1256,3KT40VA,2,0,0,,
1257,3KX30DD,2,0,0,,
1258,3NA10WG,2,0,50,,
1259,3NK10WG,2,0,0,,
1260,3NM20WA,2,0,0,,
1261,3OD70CC,2,0,100,,
1262,3OG10WG,2,0,0,,
1263,3OT40WE,2,0,0,,
1264,3PC30DB,2,0,0,,
1265,3PC70CA,2,0,0,,
1266,3PZ12VA,2,0,0,,
1267,3PZ18VA,2,0,0,,
1268,3SF20WC,2,0,100,,
1269,3TZ40WA,2,0,0,,
1270,3VA70CH,2,0,0,,
1271,3VG94ZB,2,0,0,,
1272,3VZ40WE,2,0,0,,
1273,3ZZ70CA,2,0,0,,
1274,3ZZ70CE,2,0,50,,
1275,6VA50TW,2,0,50,,
1276,7SC59QA,2,0,0,,
1277,7SC70SE,2,0,0,,
1278,7SF02ED,2,0,50,,
1279,7SP60XM,2,0,0,,
1280,1AA35HAC1,1,0,0,,
1281,1AA52MESJ,1,0,0,,
1282,1AA52SE,1,0,0,,
1283,1AA52SETS,1,0,0,,
1284,1AA54HATS,1,0,0,,
1285,1AB35HA1C,1,0,0,,
1286,1AC52MJSJ,1,0,0,,
1287,1AC52SE,1,0,0,,
1288,1AC53DAPL,1,0,0,,
1289,1AN54JAPL,1,0,0,,
1290,1AN73QP,1,0,100,,
1291,1AW27JA,1,0,0,,
1292,1AX13HAC2,1,0,0,,
1293,1AX35HA1C,1,0,0,,
1294,1AX35HAJ2,1,0,0,,
1295,1AX35HAP1,1,0,0,,
1296,1AX35HAP2,1,0,0,,
1297,1AX35HHP2,1,0,0,,
1298,1AX53HHFT,1,0,0,,
1299,1BB53LADV,1,0,0,,
1300,1BG35HAP1,1,0,0,,
1301,1BJ35HAP1,1,0,0,,
1302,1BS35HAJ2,1,0,0,,
1303,1BT11HAP1,1,0,0,,
1304,1BT35HAJ2,1,0,100,,
1305,1CN59LAGY,1,0,0,,
1306,1CP52LA,1,0,0,,
1307,1CP80LA,1,0,0,,
1308,1CU52HA,1,0,0,,
1309,1CU52LA,1,0,0,,
1310,1CX74LA,1,0,0,,
1311,1CZ14JANQ,1,0,0,,
1312,1CZ35JAD2,1,0,0,,
1313,1CZ52HA,1,0,0,,
1314,1CZ56JAD2,1,0,0,,
1315,1DA14JAFG,1,0,0,,
1316,1DA52LA,1,0,0,,
1317,1DA80LAXXA,1,0,0,,
1318,1DE35JAQ6,1,0,0,,
1319,1DE52HA,1,0,0,,
1320,1DE52LA,1,0,0,,
1321,1DE57CAD1,1,0,0,,
1322,1DK56CA,1,0,0,,
1323,1ED87LA,1,0,0,,
1324,1EM80LA,1,0,0,,
1325,1EQ13JAC2,1,0,0,,
1326,1EQ14JAGN,1,0,0,,
1327,1EQ56JA,1,0,0,,
1328,1EQ59LA,1,0,0,,
1329,1ES80LAXXE,1,0,0,,
1330,1ET56JA,1,0,0,,
1331,1ET59BAAD,1,0,100,,
1332,1ET80LA,1,0,0,,
1333,1FA55CANP,1,0,0,,
1334,1FD35HAP1,1,0,0,,
1335,1FE38JAPM,1,0,0,,
1336,1FG13JN,1,0,0,,
1337,1FG52LA,1,0,0,,
1338,1FG87LAGX,1,0,0,,
1339,1FH52HA,1,0,0,,
1340,1FH80LA,1,0,0,,
1341,1FM50CABP,1,0,0,,
1342,1FM52HA,1,0,0,,
1343,1FN50CABP,1,0,0,,
1344,1FN52CR,1,0,0,,
1345,1FN57SMBP,1,0,0,,
1346,1FN80SN,1,0,0,,
1347,1FR13JAX7,1,0,0,,
1348,1FX53HAEM,1,0,0,,
1349,1GE38JAJA,1,0,0,,
1350,1GJ13CANG,1,0,0,,
1351,1GJ50BABD,1,0,0,,
1352,1GJ50BANR,1,0,0,,
1353,1GJ50CANR,1,0,0,,
1354,1GJ50LANR,1,0,0,,
1355,1GJ53BAPM,1,0,0,,
1356,1GJ53LAPM,1,0,0,,
1357,1GJ56CA,1,0,0,,
1358,1GJ59BAGX,1,0,0,,
1359,1GJ77HA,1,0,0,,
1360,1GJ77QB,1,0,0,,
1361,1GJ82LA,1,0,0,,
1362,1GJ86MB,1,0,0,,
1363,1GM50BANQ,1,0,0,,
1364,1GT27JA,1,0,0,,
1365,1GV35HAC1,1,0,0,,
1366,1GV35HHD1,1,0,0,,
1367,1GW27JA,1,0,0,,
1368,1GY13LA,1,0,0,,
1369,1GY53LAPM,1,0,0,,
1370,1GZ31JAPK,1,0,0,,
1371,1GZ35CAV4,1,0,0,,
1372,1HA52QA,1,0,0,,
1373,1HA52QB,1,0,0,,
1374,1HZ03LATK,1,0,0,,
1375,1HZ09LAFS,1,0,0,,
1376,1IB80GQNRN,1,0,0,,
1377,1IJ50GQBD,1,0,100,,
1378,1IL35HHT9,1,0,0,,
1379,1IM35HH1C,1,0,0,,
1380,1IM51GQGX,1,0,0,,
1381,1IS50GROA,1,0,0,,
1382,1IS51GRFK,1,0,0,,
1383,1IS55GRKA,1,0,0,,
1384,1IS57GRBD,1,0,0,,
1385,1JE50GQBP,1,0,0,,
1386,1JE50GQOA,1,0,0,,
1387,1JE57LAGX,1,0,0,,
1388,1JK50GQBP,1,0,0,,
1389,1JK50GQOA,1,0,0,,
1390,1JL51GQGE,1,0,100,,
1391,1JM50GQOA,1,0,0,,
1392,1JM80LA,1,0,0,,
1393,1JQ55GRLG,1,0,0,,
1394,1JQ80LA,1,0,0,,
1395,1JT54HALG,1,0,0,,
1396,1JT55GRLG,1,0,0,,
1397,1JT55LALG,1,0,0,,
1398,1JU50GRBD,1,0,0,,
1399,1JU80LA,1,0,0,,
1400,1JX51BAGX,1,0,0,,
1401,1JX51LAGX,1,0,0,,
1402,1JX57GPGX,1,0,0,,
1403,1KE51DAFF,1,0,0,,
1404,1KE51GQW3,1,0,100,,
1405,1KE57GQFV,1,0,0,,
1406,1KE57GQGX,1,0,0,,
1407,1KG35HA1C,1,0,100,,
1408,1KG35HAC1,1,0,0,,
1409,1KG50GQOA,1,0,0,,
1410,1KG51GQW0,1,0,0,,
1411,1KG55GQNR,1,0,100,,
1412,1KG57LAGX,1,0,0,,
1413,1KG80LA,1,0,0,,
1414,1KQ50GRBD,1,0,0,,
1415,1KR51LA,1,0,0,,
1416,1KR57GRGX,1,0,0,,
1417,1KR80LA,1,0,0,,
1418,1KR80WQ,1,0,0,,
1419,1KT50GQOA,1,0,0,,
1420,1KT51GQGE,1,0,0,,
1421,1KT51LA,1,0,0,,
1422,1KT57GQGX,1,0,0,,
1423,1KX35HAC1,1,0,0,,
1424,1KX54JALG,1,0,0,,
1425,1KX80LA,1,0,0,,
1426,1KZ51LA,1,0,0,,
1427,1KZ59LAGX,1,0,0,,
1428,1LZ19HHU9A,1,0,0,,
1429,1LZ35HAC5,1,0,0,,
1430,1LZ35HAC6,1,0,0,,
1431,1LZ35HRC7,1,0,0,,
1432,1LZ35HRT9,1,0,0,,
1433,1LZ52HA,1,0,0,,
1434,1LZ58HW,1,0,0,,
1435,1MC52HA,1,0,100,,
1436,1NA13BABD,1,0,0,,
1437,1NA13BAX7,1,0,0,,
1438,1NA27JA,1,0,0,,
1439,1NA50BABJ,1,0,0,,
1440,1NA50BABP,1,0,0,,
1441,1NA50CABJ,1,0,0,,
1442,1NE50BA,1,0,0,,
1443,1NF13BA,1,0,0,,
1444,1NF13BABD,1,0,0,,
1445,1NF13BAW4,1,0,0,,
1446,1NF38JAQN,1,0,0,,
1447,1NF54HAFA,1,0,0,,
1448,1NF56BA,1,0,0,,
1449,1NF59BAGX,1,0,0,,
1450,1NK52BA,1,0,0,,
1451,1NK52DA,1,0,0,,
1452,1NK52HA,1,0,0,,
1453,1NK56BA,1,0,0,,
1454,1NK59BAKK,1,0,0,,
1455,1NK76DQ,1,0,0,,
1456,1NK77RQ,1,0,0,,
1457,1NM52HATS,1,0,0,,
1458,1NM52LA,1,0,0,,
1459,1NM54JATS,1,0,0,,
1460,1NM87BA,1,0,0,,
1461,1NM87DA,1,0,0,,
1462,1NP13GQGE,1,0,0,,
1463,1NP73BAPK,1,0,0,,
1464,1NP73LA,1,0,0,,
1465,1NQ13BAKK,1,0,0,,
1466,1NQ13CAGN,1,0,0,,
1467,1NQ13CJ,1,0,0,,
1468,1NQ14CANP,1,0,0,,
1469,1NQ35HAT9,1,0,0,,
1470,1NQ52BA,1,0,100,,
1471,1NQ55JATS,1,0,100,,
1472,1NQ55LAFA,1,0,0,,
1473,1NQ87BAFA,1,0,0,,
1474,1NQ87LA,1,0,0,,
1475,1NT13CANP,1,0,0,,
1476,1NV52HA,1,0,0,,
1477,1OA13LAW0,1,0,0,,
1478,1OA53LAQK,1,0,0,,
1479,1OB13GQW0,1,0,0,,
1480,1OB52HATS,1,0,0,,
1481,1OD52DA,1,0,0,,
1482,1OD52LATS,1,0,0,,
1483,1OE50BABD,1,0,0,,
1484,1OE50HABD,1,0,0,,
1485,1OE50HANR,1,0,0,,
1486,1OE57BAGX,1,0,0,,
1487,1OT38JAQN,1,0,0,,
1488,1OT52HHD1,1,0,0,,
1489,1OT53DATS,1,0,0,,
1490,1OT55JATS,1,0,0,,
1491,1OW35CAD1,1,0,0,,
1492,1OW35CAD2,1,0,0,,
1493,1OW50CABP,1,0,0,,
1494,1OW50CJ,1,0,0,,
1495,1OW52BA,1,0,0,,
1496,1OW80LA,1,0,0,,
1497,1OZ17CET4,1,0,0,,
1498,1OZ17CFT4,1,0,0,,
1499,1OZ17CFX9,1,0,0,,
1500,1PC13GQGE,1,0,100,,
1501,1PC13GQW0,1,0,0,,
1502,1PE35HHZ9,1,0,0,,
1503,1PE50BAGX,1,0,0,,
1504,1PE50DABF,1,0,0,,
1505,1PE52HA,1,0,0,,
1506,1PE54LANR,1,0,0,,
1507,1PE55BANR,1,0,0,,
1508,1PG50DABJ,1,0,0,,
1509,1PG52DA,1,0,0,,
1510,1PG54JATS,1,0,0,,
1511,1PM35BAT9,1,0,0,,
1512,1PM35HHI6,1,0,0,,
1513,1PM35LAM1,1,0,0,,
1514,1PM50BAD2,1,0,0,,
1515,1PM53CAEM,1,0,0,,
1516,1PM55CAEC,1,0,0,,
1517,1PM55HHTS,1,0,0,,
1518,1PM56LA,1,0,0,,
1519,1PM57CAD3,1,0,0,,
1520,1PM59BAGX,1,0,0,,
1521,1PM77RR,1,0,0,,
1522,1PQ50BTBP,1,0,0,,
1523,1PQ52CA,1,0,0,,
1524,1PQ52LA,1,0,0,,
1525,1PQ56CA,1,0,0,,
1526,1PV35CAD2,1,0,0,,
1527,1PV50BABP,1,0,0,,
1528,1PZ21HQBS,1,0,0,,
1529,1QE55LAPM,1,0,0,,
1530,1QE59JAX7,1,0,0,,
1531,1QE72LA,1,0,100,,
1532,1QG14JANP,1,0,100,,
1533,1QG52HA,1,0,0,,
1534,1QG59JAGX,1,0,0,,
1535,1QM52HA,1,0,0,,
1536,1QP73JH,1,0,0,,
1537,1RM59CAGX,1,0,0,,
1538,1RS55CABH,1,0,0,,
1539,1RW52HA,1,0,0,,
1540,1RY14JAFN,1,0,0,,
1541,1SC05JH,1,0,100,,
1542,1SC38JASR,1,0,0,,
1543,1SG09JAAZ,1,0,0,,
1544,1SH35HAP1,1,0,0,,
1545,1SH52HATS,1,0,0,,
1546,1SI35HAJ2,1,0,100,,
1547,1SQ03HAKC,1,0,100,,
1548,1SQ03JAFQ,1,0,0,,
1549,1SQ03JASR,1,0,100,,
1550,1SQ38JAFG,1,0,0,,
1551,1SY04JH,1,0,0,,
1552,1SZ13JAC2,1,0,0,,
1553,1SZ35HAP2,1,0,0,,
1554,1SZ35JAD1,1,0,0,,
1555,1SZ55JAFF,1,0,0,,
1556,1SZ55JAGX,1,0,0,,
1557,1SZ55JAHD,1,0,0,,
1558,1SZ59LA,1,0,0,,
1559,1TA03JAFQ,1,0,0,,
1560,1TA05JH,1,0,0,,
1561,1TA35HAP1,1,0,0,,
1562,1TA74LANW,1,0,0,,
1563,1TB52HA,1,0,0,,
1564,1TF09JAAZ,1,0,0,,
1565,1TK03JZSR,1,0,0,,
1566,1TK87LA,1,0,0,,
1567,1TM52DA,1,0,0,,
1568,1TM80LA,1,0,0,,
1569,1TQ09JAAZ,1,0,0,,
1570,1TS80LA,1,0,0,,
1571,1TV55LANV,1,0,0,,
1572,1TV74LA,1,0,0,,
1573,1TV80LA,1,0,0,,
1574,1TX13JAC2,1,0,0,,
1575,1TX35JAK0,1,0,0,,
1576,1TX35JAP1,1,0,0,,
1577,1TX52HA,1,0,0,,
1578,1TZ70LA,1,0,0,,
1579,1UB03JASQ,1,0,0,,
1580,1UB05JH,1,0,0,,
1581,1UB35HAP1,1,0,0,,
1582,1UB35HAP2,1,0,0,,
1583,1UB38JAFQ,1,0,0,,
1584,1UB52WK,1,0,0,,
1585,1UB74HANV,1,0,100,,
1586,1UF73LA,1,0,0,,
1587,1UI03JAFQ,1,0,0,,
1588,1UJ03JAFG,1,0,0,,
1589,1UJ03JAFQ,1,0,0,,
1590,1UJ58LAXXF,1,0,0,,
1591,1UJ74HANV,1,0,0,,
1592,1UJ87LA,1,0,0,,
1593,1UJ93LAXXE,1,0,0,,
1594,1UK52HA,1,0,0,,
1595,1UK74LAKD,1,0,0,,
1596,1UK87LA,1,0,0,,
1597,1UL03JAFG,1,0,0,,
1598,1UL05JH,1,0,0,,
1599,1UM52WJ,1,0,0,,
1600,1UM93LA,1,0,0,,
1601,1US80LA,1,0,0,,
1602,1UV72LA,1,0,0,,
1603,1UY35JAD2,1,0,0,,
1604,1UY52HA,1,0,100,,
1605,1UY72WK,1,0,0,,
1606,1UY80LA,1,0,0,,
1607,1VA03HASR,1,0,0,,
1608,1VA03JAEQ,1,0,0,,
1609,1VA04JH,1,0,0,,
1610,1VA35HAN1,1,0,0,,
1611,1VA52DA,1,0,100,,
1612,1VA52WK,1,0,0,,
1613,1VA74HANV,1,0,0,,
1614,1VA80LA,1,0,0,,
1615,1VC03HASR,1,0,0,,
1616,1VC38JAFQ,1,0,100,,
1617,1VC38JASR,1,0,0,,
1618,1VC73LA,1,0,0,,
1619,1VC74HANV,1,0,0,,
1620,1VC74LANW,1,0,100,,
1621,1VD09JADV,1,0,100,,
1622,1VG03HAKC,1,0,0,,
1623,1VG04JH,1,0,0,,
1624,1VG05JH,1,0,0,,
1625,1VG35HAP1,1,0,0,,
1626,1VG74HANW,1,0,100,,
1627,1VQ03JZSR,1,0,100,,
1628,1VQ03JZTA,1,0,100,,
1629,1VQ38JAFQ,1,0,0,,
1630,1VQ38JASR,1,0,0,,
1631,1VQ74HAKD,1,0,0,,
1632,1VR80LAXXA,1,0,0,,
1633,1VX27JA,1,0,100,,
1634,1VX35JAP1,1,0,0,,
1635,1VX56JA,1,0,0,,
1636,1WA03HAKC,1,0,0,,
1637,1WA38JASR,1,0,100,,
1638,1WA52WK,1,0,100,,
1639,1WA74LANW,1,0,0,,
1640,1WG03JAFG,1,0,0,,
1641,1WG03JASR,1,0,0,,
1642,1WI73JA,1,0,0,,
1643,1WJ52WK,1,0,0,,
1644,1WL03JAFQ,1,0,0,,
1645,1WM52HA,1,0,100,,
1646,1WM87LA,1,0,0,,
1647,1WN80LA,1,0,0,,
1648,1WV35JAD2,1,0,0,,
1649,1WV80LA,1,0,0,,
1650,1WV80LAXXA,1,0,0,,
1651,1WV87LA,1,0,0,,
1652,1WV87LAXXE,1,0,0,,
1653,1YA14JAH1,1,0,0,,
1654,1YA52HATS,1,0,0,,
1655,1YA52JA,1,0,0,,
1656,1YA56JA,1,0,0,,
1657,1YA59JAGX,1,0,0,,
1658,1YA59JAX7,1,0,0,,
1659,1YA80JAXXP,1,0,0,,
1660,1YA80LAXXB,1,0,0,,
1661,1YB13JAC2,1,0,0,,
1662,1YB14JAH1,1,0,0,,
1663,1YB52HA,1,0,0,,
1664,1YB52LA,1,0,0,,
1665,1YB55LAGX,1,0,0,,
1666,1YB56JA,1,0,0,,
1667,1YB59JAGX,1,0,0,,
1668,1YB59JAX7,1,0,0,,
1669,1YC14JAT6,1,0,0,,
1670,1YC52HA,1,0,0,,
1671,1YC52JA,1,0,0,,
1672,1YC59JAX2,1,0,0,,
1673,1YC80LAXXE,1,0,0,,
1674,1YD14JAGN,1,0,0,,
1675,1YD14JAH1,1,0,0,,
1676,1YD52LA,1,0,0,,
1677,1YD59JAGX,1,0,0,,
1678,1YD80LAXXE,1,0,0,,
1679,1YE14JAT6,1,0,0,,
1680,1YE52LA,1,0,0,,
1681,1YE59JAX7,1,0,100,,
1682,1YF14JAGN,1,0,100,,
1683,1YF14JAH1,1,0,100,,
1684,1YF35JAD3,1,0,0,,
1685,1YF35JAT9,1,0,0,,
1686,1YF52HATS,1,0,0,,
1687,1YF80HAXXA,1,0,0,,
1688,1YF87LA,1,0,0,,
1689,1YG14JAGN,1,0,0,,
1690,1YG87LA,1,0,0,,
1691,1YM54JATS,1,0,0,,
1692,1YM87LA,1,0,0,,
1693,1YR52HA,1,0,0,,
1694,1YS13JAC2,1,0,0,,
1695,1YS14JAFJ,1,0,100,,
1696,1YS14JAFN,1,0,0,,
1697,1YS35HAP1,1,0,0,,
1698,1YS35JAD1,1,0,0,,
1699,1YS35JAT9,1,0,100,,
1700,1YS56JA,1,0,0,,
1701,1YS59JALV,1,0,0,,
1702,1YT13JAC2,1,0,0,,
1703,1YT35JAD3,1,0,0,,
1704,1YT35JAZ9,1,0,0,,
1705,1YT52JA,1,0,0,,
1706,1YT54HAW1,1,0,0,,
1707,1YU14JAFJ,1,0,0,,
1708,1YU14JAGN,1,0,100,,
1709,1YU52HA,1,0,0,,
1710,1YU52JA,1,0,0,,
1711,1YU87LA,1,0,0,,
1712,1YV13JN,1,0,0,,
1713,1YV35JAZ9,1,0,100,,
1714,1YV56LA,1,0,0,,
1715,1YV80JAXXP,1,0,0,,
1716,1YW14JAFN,1,0,0,,
1717,1YW55JAFF,1,0,0,,
1718,1YW56JA,1,0,0,,
1719,1YW56LA,1,0,0,,
1720,1YX56LA,1,0,0,,
1721,1YX80LAW4,1,0,100,,
1722,1YY12ZZ,1,0,0,,
1723,1YY55LATS,1,0,0,,
1724,1YY59JAGX,1,0,0,,
1725,1YZ12JADQ,1,0,0,,
1726,1YZ14JAFJ,1,0,100,,
1727,1YZ27JA,1,0,0,,
1728,1YZ35JAD2,1,0,100,,
1729,1YZ59JAGX,1,0,0,,
1730,1YZ80LAW4,1,0,0,,
1731,1YZ87LA,1,0,0,,
1732,1YZ94LA,1,0,0,,
1733,1ZX06JAGH,1,0,0,,
1734,1ZX07HAKJ,1,0,0,,
1735,1ZX12JA,1,0,0,,
1736,1ZZ11HAP1,1,0,0,,
1737,1ZZ35CAB1,1,0,0,,
1738,1ZZ35CAC3,1,0,0,,
1739,1ZZ35CAE2,1,0,0,,
1740,1ZZ35CAE3,1,0,0,,
1741,1ZZ35CAE5,1,0,0,,
1742,1ZZ35CAE6,1,0,0,,
1743,1ZZ35CAE7,1,0,0,,
1744,1ZZ35CAF3,1,0,0,,
1745,1ZZ35CAK0,1,0,0,,
1746,1ZZ35CAK7,1,0,0,,
1747,1ZZ35CAL1,1,0,0,,
1748,1ZZ35CAL4,1,0,0,,
1749,1ZZ35CAP3,1,0,0,,
1750,1ZZ35CAR4,1,0,0,,
1751,1ZZ35CAT2,1,0,0,,
1752,1ZZ35HAF3,1,0,0,,
1753,1ZZ35HAK6,1,0,100,,
1754,1ZZ35HAL3,1,0,0,,
1755,1ZZ35HAM2,1,0,100,,
1756,1ZZ35HAN3,1,0,0,,
1757,1ZZ35YAC1,1,0,0,,
1758,1ZZ35YAE3,1,0,0,,
1759,1ZZ35YAL1,1,0,0,,
1760,1ZZ35YAP2,1,0,0,,
1761,2AN08FN,1,0,0,,
1762,2AN24HALZ,1,0,0,,
1763,2BR70LA,1,0,0,,
1764,2CZ08AQ,1,0,0,,
1765,2CZ28JAPQ,1,0,0,,
1766,2DA71LA,1,0,0,,
1767,2EQ71HA,1,0,0,,
1768,2EY71LA,1,0,0,,
1769,2FA71BA,1,0,0,,
1770,2FH71LA,1,0,0,,
1771,2FP70BA,1,0,0,,
1772,2FX70LA,1,0,0,,
1773,2GM71BA,1,0,0,,
1774,2GT71BA,1,0,0,,
1775,2GT71BP,1,0,100,,
1776,2GT71LA,1,0,0,,
1777,2HZ08EK,1,0,0,,
1778,2HZ08XK,1,0,0,,
1779,2HZ24GPKM,1,0,0,,
1780,2HZ24GPXJ,1,0,0,,
1781,2HZ24JAKG,1,0,0,,
1782,2HZ29GPTS,1,0,0,,
1783,2IM28GPPL,1,0,0,,
1784,2JX71GP,1,0,0,,
1785,2JZ29TA,1,0,0,,
1786,2MC71HA,1,0,0,,
1787,2MD71HA,1,0,0,,
1788,2MJ71HA,1,0,0,,
1789,2MZ71HA,1,0,0,,
1790,2NF71BP,1,0,0,,
1791,2NF71DA,1,0,0,,
1792,2NM70DA,1,0,0,,
1793,2OA71DA,1,0,0,,
1794,2OB71HA,1,0,0,,
1795,2OT70LA,1,0,0,,
1796,2OZ29JA,1,0,0,,
1797,2PC70BA,1,0,0,,
1798,2PE71HA,1,0,0,,
1799,2PG70BA,1,0,0,,
1800,2PM58CAX4,1,0,0,,
1801,2PV70BA,1,0,0,,
1802,2QE71HA,1,0,0,,
1803,2RM71BP,1,0,0,,
1804,2RM71BR,1,0,0,,
1805,2RS70CA,1,0,0,,
1806,2RW71HA,1,0,0,,
1807,2RW71LA,1,0,0,,
1808,2RY71LA,1,0,0,,
1809,2SL71HA,1,0,0,,
1810,2SZ70LA,1,0,0,,
1811,2TA71DA,1,0,0,,
1812,2TX71HA,1,0,0,,
1813,2TX71LA,1,0,0,,
1814,2UC71HA,1,0,0,,
1815,2UJ71HA,1,0,0,,
1816,2UL71HA,1,0,0,,
1817,2UY70LA,1,0,0,,
1818,2VG71DA,1,0,0,,
1819,2VP71HA,1,0,0,,
1820,2VX71HA,1,0,0,,
1821,2WH71HA,1,0,0,,
1822,2WL71HA,1,0,0,,
1823,2WV70LA,1,0,0,,
1824,2YF71HA,1,0,0,,
1825,2YM70JA,1,0,100,,
1826,2YM71HAGX,1,0,0,,
1827,2YM71LA,1,0,0,,
1828,2YT71LA,1,0,100,,
1829,2ZZ13RD,1,0,0,,
1830,2ZZ29ZZ,1,0,0,,
1831,3AN12VA,1,0,0,,
1832,3AN70CB,1,0,0,,
1833,3AN70CE,1,0,0,,
1834,3AN70CF,1,0,0,,
1835,3AW12VA,1,0,100,,
1836,3CA30FA,1,0,0,,
1837,3CA40WA,1,0,100,,
1838,3CA40WC,1,0,0,,
1839,3DL18VA,1,0,0,,
1840,3DR20WC,1,0,0,,
1841,3EL40WA,1,0,0,,
1842,3EY20WE,1,0,0,,
1843,3FX20WE,1,0,100,,
1844,3FY40VA,1,0,0,,
1845,3GE20WC,1,0,0,,
1846,3GT12VA,1,0,0,,
1847,3GT70CE,1,0,0,,
1848,3GY40VA,1,0,100,,
1849,3ID30DD,1,0,0,,
1850,3ID40WA,1,0,0,,
1851,3IJ12VA,1,0,0,,
1852,3IP10VC,1,0,0,,
1853,3IP30HD,1,0,0,,
1854,3IP40VA,1,0,100,,
1855,3IP70CE,1,0,0,,
1856,3IP70KP,1,0,0,,
1857,3JE40VA,1,0,0,,
1858,3JE40WA,1,0,0,,
1859,3JM10VX,1,0,0,,
1860,3JU30DB,1,0,0,,
1861,3JW30DC,1,0,0,,
1862,3JX30DB,1,0,0,,
1863,3JX30DD,1,0,0,,
1864,3JY10VX,1,0,0,,
1865,3JY30DB,1,0,0,,
1866,3JY30DD,1,0,0,,
1867,3JY40VA,1,0,0,,
1868,3KC10VX,1,0,0,,
1869,3KE30DB,1,0,0,,
1870,3KE40WC,1,0,0,,
1871,3KG12VA,1,0,0,,
1872,3KG40VA,1,0,0,,
1873,3KG40WA,1,0,0,,
1874,3KR70ZZ,1,0,0,,
1875,3KT12VA,1,0,0,,
1876,3KT40WA,1,0,100,,
1877,3KT40WC,1,0,100,,
1878,3KU30DA,1,0,0,,
1879,3KU30DC,1,0,0,,
1880,3KV30DD,1,0,100,,
1881,3KY10VA,1,0,0,,
1882,3KY12VA,1,0,0,,
1883,3NA12AY,1,0,0,,
1884,3NK10VV,1,0,0,,
1885,3NK10WX,1,0,0,,
1886,3NM20VA,1,0,0,,
1887,3NQ10VN,1,0,0,,
1888,3NZ70SE,1,0,0,,
1889,3OE10WG,1,0,0,,
1890,3OE10WX,1,0,100,,
1891,3OE10WZ,1,0,0,,
1892,3OT30HA,1,0,0,,
1893,3OT70CA,1,0,0,,
1894,3OT70CC,1,0,0,,
1895,3OZ94ZA,1,0,0,,
1896,3PB70CA,1,0,0,,
1897,3PC40VA,1,0,0,,
1898,3PH12VA,1,0,0,,
1899,3PM10XN,1,0,100,,
1900,3PZ10VC,1,0,0,,
1901,3QE10WX,1,0,0,,
1902,3QT30DG,1,0,0,,
1903,3RZ94ZA,1,0,0,,
1904,3SC12VA,1,0,100,,
1905,3SC18VA,1,0,100,,
1906,3SC70CC,1,0,100,,
1907,3SF40VA,1,0,0,,
1908,3SF40WC,1,0,100,,
1909,3TA10VL,1,0,100,,
1910,3TZ12VA,1,0,0,,
1911,3TZ40WC,1,0,0,,
1912,3TZ40WE,1,0,100,,
1913,3VA12VL,1,0,100,,
1914,3VA70CA,1,0,0,,
1915,3VA70CE,1,0,100,,
1916,3VQ94ZB,1,0,0,,
1917,3VZ10VZ,1,0,0,,
1918,3VZ12VA,1,0,100,,
1919,3WA10VL,1,0,0,,
1920,3WZ40VA,1,0,100,,
1921,3WZ70CE,1,0,0,,
1922,3WZ70CG,1,0,0,,
1923,3WZ70CH,1,0,100,,
1924,3YL10VZ,1,0,0,,
1925,3YM10VA,1,0,0,,
1926,3YM20WA,1,0,0,,
1927,3YM20WC,1,0,0,,
1928,3YM30SZ,1,0,0,,
1929,3YN30DA,1,0,0,,
1930,3YZ94ZA,1,0,0,,
1931,3ZZ40VA,1,0,0,,
1932,5AB03JA,1,0,0,,
1933,6AA08ZZ,1,0,0,,
1934,6AA30BEAA,1,0,100,,
1935,6VA07ZZ,1,0,100,,
1936,7SC01QA,1,0,0,,
1937,7SC01TB,1,0,100,,
1938,7SC01ZZ,1,0,0,,
1939,7SF02ZZ,1,0,100,,
1940,7SJ30LB,1,0,0,,
1941,7SJ30LD,1,0,0,,
1942,7SJ35ZZ,1,0,100,,
1943,7SP10VA,1,0,100,,
1944,7SP60XD,1,0,0,,
